name,mid,fans
一只牡蛎a,2010675289,10932
A158_布丁,25794773,10815
黑粉骰子_A,164122754,10809
命A流,1824680,10773
A到爆的金老师,180022820,10769
大A阿姆罗,1862855,10687
我爱吃炒粉A,124467336,10647
友人A4,65770563,10635
黄方块和粉星星a,397857697,10510
a柚子w,402382009,10482
a5大概是只猫,20907484,10335
爱宅的A酱君,198437828,10328
姬月A,77165,10302
bx293a,801823,10221
吒哥一瓶倒a,358914827,10170
歪歪a美食,480554291,10148
舞艺吧B站频道,544334710,10987
大帅B-配波,16790044,10981
小小多蛙B梦,488551853,10694
赵2B,3214893,10532
逛B站送猫,57268497,10500
天桥没有桥b站分部,21946234,10466
B之说,583962519,10391
B站-Hades,3322858,10196
B站首席产品体验官,10615445,10163
B站芳文山,455425691,10087
B格挂件收纳盒,249499601,10068
呆妹儿在B站,661265753,10019
C伊亾,50794494,10964
大老鹰c,488715841,10933
吃c瓜,62523795,10863
劳伦C,2979801,10838
知了3C,2374310,10803
鹿谣c,104263706,10799
护球像亨利C,167887021,10776
C12GS文官,291298779,10755
C37FREES,265891608,10627
C煌娱乐编导部,24780263,10395
火影C凯,497437584,10366
对C的皮皮姐,7134465,10153
你给我哭c,160827523,10078
阿C今天瘦了吗,17797987,10057
自闭の月虹C,16882457,10032
安希妍的迷d,281816290,10923
D-小K,172446234,10906
艺术dī哥,22660187,10898
武汉D57舞蹈工作室,160112078,10830
d4zy,1907702,10791
楠D,39703269,10141
3dmax游戏3D建模,596387898,10134
半仙幸运E,396212,10059
野火F4,359073210,10912
SuZ丶F1ash,55920658,10300
辞小G字幕组,501123847,10638
侦探晨小橙G,413704668,10599
一卡车的G,68047446,10177
郝一点-H,524054269,10907
H_CB_,40609991,10741
小小搬运工H,388605970,10227
Baichuan-H,526991034,10174
【H君】,73937,10024
筱凸凸i,13812011,10756
I_AM,337416967,10690
三喵i,24441413,10459
Ebichu酱i,35384888,10387
cpu_j,230315258,10514
极简主义J,107504824,10039
4K剪辑先生,298308816,10956
短手哥哥2k,216819802,10937
24K纯银菌,79792049,10760
阿K-Video,12038595,10716
K哥和图图,408080059,10704
k3酱,13718080,10503
沙鼠k876513,15479990,10462
4K现场,86478066,10456
T-K-233,14120234,10193
-17K-,24248770,10157
